personid,pageid,name,state,district,uniques_total,uniques_known,uniques_indistrict,posts_total,posts_known,posts_indistrict,comments_total,comments_known,comments_indistrict,postlikes_total,postlikes_known,postlikes_indistrict
400003,231704375141,Government official,"Rep. Gary Ackerman [D, NY-5]",NY,5,178,6,1,0,0,0,151,5,1,325,4,0
412414,172898846062893,Government official,"Rep. Sandy Adams [R, FL-24]",FL,24,308,8,4,0,0,0,293,11,8,618,11,10
400004,19787529402,Government official,"Rep. Robert Aderholt [R, AL-4]",AL,4,365,5,1,313,4,1,136,2,1,423,10,0
300001,109211272140,Government official,"Sen. Daniel Akaka [D, HI]",HI,,448,8,0,159,8,0,220,1,0,924,17,0
400005,78433759593,Government official,"Rep. Todd Akin [R, MO-2]",MO,2,345,4,0,0,0,0,296,3,0,678,4,0
300002,89927603836,Government official,"Sen. Lamar Alexander [R, TN]",TN,,363,5,3,0,0,0,276,4,2,610,5,5
400006,20002702544,Government official,"Rep. Rodney Alexander [R, LA-5]",LA,5,386,8,2,297,13,1,188,4,1,414,26,4
412438,173604349345646,Government official,"Rep. Justin Amash [R, MI-3]",MI,3,596,8,2,326,5,3,292,2,0,686,22,0
412265,186083068071784,Government official,"Rep. Steve Austria [R, OH-7]",OH,7,362,3,1,212,4,0,231,0,0,514,10,2
412493,123436097729198,Government official,"Sen. Kelly Ayotte [R, NH]",NH,,335,8,1,318,7,0,222,3,2,621,25,2
412216,7658849357,Government official,"Rep. Michele Bachmann [R, MN-6]",MN,6,351,4,0,367,4,0,234,2,0,339,2,0
400010,6769692966,Government official,"Rep. Spencer Bachus [R, AL-6]",AL,6,252,6,0,0,0,0,268,27,0,517,6,0
412469,192357174108435,Government official,"Rep. Lou Barletta [R, PA-11]",PA,11,275,1,1,0,0,0,281,0,0,774,1,1
412251,21146775942,Government official,"Sen. John Barrasso [R, WY]",WY,,353,5,0,283,3,0,158,2,0,383,0,0
400628,285483767395,Government official,"Rep. John Barrow [D, GA-12]",GA,12,124,2,1,0,0,0,82,1,0,138,1,1
400018,15617630596,Politician,"Rep. Joe Barton [R, TX-6]",TX,6,193,6,2,239,10,8,382,9,7,652,31,17
400019,120969677973134,Government official,"Rep. Charles Bass [R, NH-2]",NH,2,231,12,0,215,19,0,186,4,0,755,63,0
412404,190867440939405,Government official,"Rep. Karen Bass [D, CA-33]",CA,33,315,3,1,148,2,0,302,2,1,781,5,4
300005,107825889238762,Politician,"Sen. Max Baucus [D, MT]",MT,,1,0,0,1,0,0,0,0,0,0,0,0
400021,90311772229,Government official,"Rep. Xavier Becerra [D, CA-31]",CA,31,358,1,0,0,0,0,253,1,0,662,0,0
412326,121360477876652,Government official,"Sen. Mark Begich [D, AK]",AK,,552,15,3,284,15,1,254,19,15,785,22,2
412436,124163654317596,Government official,"Rep. Dan Benishek [R, MI-1]",MI,1,379,1,0,250,0,0,287,0,0,625,19,0
412330,97172997732,Government official,"Sen. Michael Bennet [D, CO]",CO,,398,6,4,0,0,0,302,3,1,694,14,14
412458,172538576114510,Government official,"Rep. Rick Berg [R, ND-0]",ND,0,129,0,0,1,0,0,141,0,0,304,0,0
400024,99315367475,Government official,"Rep. Shelley Berkley [D, NV-1]",NV,1,306,4,1,0,0,0,222,3,0,674,1,1
400025,111019254971,Government official,"Rep. Howard Berman [D, CA-28]",CA,28,376,13,0,191,10,0,140,3,0,490,10,0
400027,53302603811,Government official,"Rep. Judy Biggert [R, IL-13]",IL,13,388,13,3,214,12,1,262,1,1,554,27,3
400570,1254647226,,"Rep. Brian Bilbray [R, CA-50]",CA,50,172,1,0,212,2,0,57,0,0,57,0,0
412250,135445766485586,Government official,"Rep. Gus Bilirakis [R, FL-9]",FL,9,313,5,3,314,1,1,368,5,5,538,4,1
300009,6296588253,Government official,"Sen. Jeff Bingaman [D, NM]",NM,,159,0,0,0,0,0,72,0,0,255,0,0
400029,130802746950682,Government official,"Rep. Rob Bishop [R, UT-1]",UT,1,280,7,3,186,11,7,145,8,5,305,40,23
400030,366739521606,Government official,"Rep. Sanford Bishop [D, GA-2]",GA,2,150,1,1,5,0,0,77,14,14,230,0,0
400031,7940339401,Politician,"Rep. Timothy Bishop [D, NY-1]",NY,1,308,1,0,0,0,0,269,0,0,597,1,0
412478,186436274719648,Government official,"Rep. Diane Black [R, TN-6]",TN,6,387,2,2,268,1,1,329,0,0,598,7,7
400032,6470828395,Government official,"Rep. Marsha Blackburn [R, TN-7]",TN,7,458,6,2,317,3,2,190,1,0,497,2,0
400033,9252726787,Politician,"Rep. Earl Blumenauer [D, OR-3]",OR,3,619,8,1,300,3,0,195,1,0,508,6,2
412490,233344132673,Politician,"Sen. Richard Blumenthal [D, CT]",CT,,505,7,3,310,4,2,165,2,0,343,4,1
400034,142473042477322,Government official,"Sen. Roy Blunt [R, MO]",MO,,614,9,8,5,0,0,421,24,23,1264,5,5
400036,7328265549,Politician,"Rep. John Boehner [R, OH-8]",OH,8,67,0,0,6,0,0,0,0,0,119,0,0
400038,49704847429,Government official,"Rep. Jo Bonner [R, AL-1]",AL,1,209,4,0,161,5,0,97,1,0,212,13,0
400039,341247870862,Public figure,"Rep. Mary Bono Mack [R, CA-45]",CA,45,457,2,0,2,0,0,342,2,0,1009,0,0
400040,7686715735,Government official,"Sen. John Boozman [R, AR]",AR,,272,5,4,274,4,4,457,9,8,541,9,8
400042,1466480441,,"Rep. Leonard Boswell [D, IA-3]",IA,3,117,0,0,0,0,0,49,0,0,128,0,0
400636,6377009769,Politician,"Rep. Charles Boustany [R, LA-7]",LA,7,155,3,0,121,4,0,44,1,0,101,0,0
300011,116513005087055,Government official,"Sen. Barbara Boxer [D, CA]",CA,,352,26,6,309,15,4,169,19,3,375,39,8
400046,9307301412,Government official,"Rep. Kevin Brady [R, TX-8]",TX,8,433,8,4,5,0,0,517,26,25,1197,11,7
400047,118845109487,Government official,"Rep. Robert Brady [D, PA-1]",PA,1,290,6,0,148,9,0,133,0,0,405,19,0
412208,15420665351,Politician,"Rep. Bruce Braley [D, IA-1]",IA,1,308,0,0,12,0,0,200,0,0,422,0,0
412395,155220881193244,Government official,"Rep. Mo Brooks [R, AL-5]",AL,5,429,5,2,330,1,0,284,2,0,535,5,4
412252,123908980957273,Public figure,"Rep. Paul Broun [R, GA-10]",GA,10,381,8,2,313,7,0,153,1,0,570,19,2
412384,141799555838816,Government official,"Sen. Scott Brown [R, MA]",MA,,392,4,2,315,1,1,195,3,3,324,2,0
400050,6266829799,Politician,"Sen. Sherrod Brown [D, OH]",OH,,907,4,2,0,0,0,850,0,0,1960,6,3
412196,67106719910,Government official,"Rep. Vern Buchanan [R, FL-13]",FL,13,357,2,2,306,0,0,263,0,0,474,2,2
412427,135670516492974,Government official,"Rep. Larry Bucshon [R, IN-8]",IN,8,182,4,1,184,9,6,277,11,9,435,4,4
412456,112695845462513,Government official,"Rep. Ann Marie Buerkle [R, NY-25]",NY,25,269,2,1,0,0,0,412,3,1,936,1,1
400052,6916472567,Politician,"Rep. Michael Burgess [R, TX-26]",TX,26,439,13,2,302,18,0,275,6,2,838,71,1
400054,16751806121,Politician,"Sen. Richard Burr [R, NC]",NC,,111,1,1,5,0,0,34,0,0,120,1,1
400055,6587960255,Government official,"Rep. Dan Burton [R, IN-5]",IN,5,360,35,1,231,33,2,295,24,0,911,74,0
400616,6442258513,Politician,"Rep. George Butterfield [D, NC-1]",NC,1,187,16,0,223,23,0,26,2,0,546,63,0
400058,6775033524,Government official,"Rep. David Camp [R, MI-4]",MI,4,302,14,0,293,10,0,49,3,0,491,55,0
412011,60546090739,Government official,"Rep. John Campbell [R, CA-48]",CA,48,247,7,0,0,0,0,218,6,0,508,14,0
412481,119706094764203,Government official,"Rep. Francisco Canseco [R, TX-23]",TX,23,364,6,2,266,5,1,235,4,4,653,4,0
400060,10325470529,Government official,"Rep. Eric Cantor [R, VA-7]",VA,7,246,5,0,419,3,0,679,0,0,785,12,0
300018,9351652533,Politician,"Sen. Maria Cantwell [D, WA]",WA,,445,10,6,351,10,5,119,1,1,267,15,5
400061,8057864757,Government official,"Rep. Shelley Capito [R, WV-2]",WV,2,477,7,0,283,15,0,215,1,0,776,14,0
400062,168989481141,Government official,"Rep. Lois Capps [D, CA-23]",CA,23,436,13,1,260,17,0,222,3,1,1061,156,0
400063,151168844937573,Government official,"Rep. Michael Capuano [D, MA-8]",MA,8,260,7,3,155,7,3,90,3,3,281,17,5
400064,120421834675191,Government official,"Sen. Benjamin Cardin [D, MD]",MD,,260,8,2,176,7,3,207,3,1,449,32,10
400065,169404667844,Government official,"Rep. Dennis Cardoza [D, CA-18]",CA,18,128,2,0,0,0,0,61,1,0,282,6,0
400638,102176491967,Government official,"Rep. Russ Carnahan [D, MO-3]",MO,3,87,0,0,3,0,0,29,0,0,63,0,0
300019,124891107521733,Government official,"Sen. Thomas Carper [D, DE]",DE,,290,2,1,0,0,0,318,2,1,772,12,12
412258,123884330964019,Government official,"Rep. André Carson [D, IN-7]",IN,7,231,1,0,5,0,0,156,1,0,546,0,0
400068,116922358348527,Government official,"Rep. John Carter [R, TX-31]",TX,31,337,8,4,288,16,13,201,6,5,342,8,3
412246,107749545944874,Government official,"Sen. Robert Casey [D, PA]",PA,,362,7,3,0,0,0,303,2,0,661,17,13
412195,6888315697,Politician,"Rep. Kathy Castor [D, FL-11]",FL,11,482,4,0,349,3,0,109,0,0,444,10,0
400071,204705339555378,Government official,"Rep. Steven Chabot [R, OH-1]",OH,1,110,8,2,100,7,1,32,1,1,171,12,1
412270,212373730233,Politician,"Rep. Jason Chaffetz [R, UT-3]",UT,3,380,5,0,240,3,0,270,0,0,594,5,0
400073,138013351189,Government official,"Del. Donna Christensen [D, VI-0]",VI,0,172,0,0,47,0,0,76,0,0,280,0,0
412379,41228315130,Government official,"Rep. Judy Chu [D, CA-32]",CA,32,381,3,0,16,0,0,250,1,0,794,2,0
412470,186949061341027,Government official,"Rep. David Cicilline [D, RI-1]",RI,1,231,2,1,83,1,1,209,3,0,647,18,0
412440,184181851603316,Politician,"Rep. Hansen Clarke [D, MI-13]",MI,13,409,15,1,181,11,1,203,14,0,631,11,0
412221,135031389892682,Government official,"Rep. Yvette Clarke [D, NY-11]",NY,11,112,1,0,1,0,0,57,2,0,249,0,0
400639,7954512692,Government official,"Rep. Emanuel Cleaver [D, MO-5]",MO,5,377,2,0,0,0,0,199,3,0,573,1,0
400075,127744320598870,Government official,"Rep. James Clyburn [D, SC-6]",SC,6,230,4,0,0,0,0,126,2,0,309,2,0
402675,180671148633644,Government official,"Sen. Daniel Coats [R, IN]",IN,,303,5,3,210,5,3,278,2,2,436,2,0
400076,208742429162356,Government official,"Rep. Howard Coble [R, NC-6]",NC,6,154,8,1,91,4,0,58,1,1,348,36,0
400576,90844078615,Public figure,"Sen. Thomas Coburn [R, OK]",OK,,255,6,1,317,7,1,71,3,2,249,2,0
412271,366142384492,Government official,"Rep. Mike Coffman [R, CO-6]",CO,6,307,2,1,10,1,0,288,2,1,698,6,6
412236,111456965545421,Government official,"Rep. Steve Cohen [D, TN-9]",TN,9,424,10,0,321,12,0,161,4,0,765,40,0
300025,7593313361,Government official,"Sen. Susan Collins [R, ME]",ME,,439,5,2,0,0,0,300,6,2,698,0,0
400655,203482063021985,Government official,"Rep. Michael Conaway [R, TX-11]",TX,11,349,1,1,200,0,0,245,0,0,539,5,5
412272,177164035838,Government official,"Rep. Gerald Connolly [D, VA-11]",VA,11,254,0,0,220,0,0,157,0,0,276,0,0
300026,281958627884,Politician,"Sen. Kent Conrad [D, ND]",ND,,282,2,0,0,0,0,206,1,0,539,1,0
400080,206947066849,Government official,"Rep. John Conyers [D, MI-14]",MI,14,260,7,1,3,0,0,164,5,1,349,3,1
412390,7209432197,Politician,"Sen. Chris Coons [D, DE]",DE,,460,16,0,355,24,0,140,7,0,585,45,0
412248,109251415789533,Government official,"Sen. Bob Corker [R, TN]",TN,,353,8,5,0,0,0,355,5,4,757,21,17
300027,75755694423,Government official,"Sen. John Cornyn [R, TX]",TX,,377,7,5,332,14,12,359,5,5,695,0,0
400082,115552205154936,Government official,"Rep. Jerry Costello [D, IL-12]",IL,12,210,2,0,0,0,0,161,2,0,454,0,0
412193,330408799230,Government official,"Rep. Joe Courtney [D, CT-2]",CT,2,292,3,2,0,0,0,343,3,2,863,11,4
300030,80335332266,Government official,"Sen. Michael Crapo [R, ID]",ID,,325,4,3,9,0,0,332,6,6,721,6,5
412441,181282228558193,Government official,"Rep. Chip Cravaack [R, MN-8]",MN,8,251,4,1,3,0,0,379,5,0,943,9,3
412400,143344975723788,Government official,"Rep. Rick Crawford [R, AR-1]",AR,1,290,3,2,191,2,1,349,3,2,896,7,7
400086,200388204657,Government organization,"Rep. Ander Crenshaw [R, FL-4]",FL,4,205,4,1,176,5,1,99,2,2,305,22,0
412386,124105914288036,Government official,"Rep. Mark Critz [D, PA-12]",PA,12,170,1,0,0,0,0,102,2,0,300,0,0
400087,22137505280,Politician,"Rep. Joseph Crowley [D, NY-7]",NY,7,288,2,1,219,3,2,116,0,0,251,0,0
400657,152569121550,Government official,"Rep. Henry Cuellar [D, TX-28]",TX,28,273,3,1,4,0,0,219,1,0,727,5,1
400089,1751723339,,"Rep. John Culberson [R, TX-7]",TX,7,100,1,1,0,0,0,54,2,2,121,6,6
400090,291368465380,Government official,"Rep. Elijah Cummings [D, MD-7]",MD,7,267,4,0,0,0,0,168,0,0,363,6,0
400633,6442966307,Politician,"Rep. Geoff Davis [R, KY-4]",KY,4,418,7,3,343,8,4,150,3,1,328,11,0
400097,103767526332478,Government official,"Rep. Susan Davis [D, CA-53]",CA,53,285,4,3,0,0,0,241,3,2,490,4,4
400100,94324364811,Government official,"Rep. Peter DeFazio [D, OR-4]",OR,4,271,1,0,0,0,0,147,1,0,397,0,0
400101,110757973488,Government official,"Rep. Diana DeGette [D, CO-1]",CO,1,440,16,1,347,26,0,201,5,4,873,110,17
400103,181302611907634,Government official,"Rep. Rosa DeLauro [D, CT-3]",CT,3,99,1,1,74,1,1,37,0,0,83,0,0
400105,19787180818,Politician,"Sen. Jim DeMint [R, SC]",SC,,335,3,1,290,5,1,158,0,0,260,1,0
412403,133714040028137,Government official,"Rep. Jeff Denham [R, CA-19]",CA,19,322,1,1,217,2,2,324,2,2,730,4,4
400648,69862092533,Government official,"Rep. Charles Dent [R, PA-15]",PA,15,274,3,0,269,5,0,455,1,0,616,15,0
412477,145110472209094,Government official,"Rep. Scott DesJarlais [R, TN-4]",TN,4,202,2,1,297,2,2,403,1,1,495,1,0
400108,119538428117878,Government official,"Rep. Mario Diaz-Balart [R, FL-21]",FL,21,65,1,0,0,0,0,38,0,0,78,1,0
400109,19693668376,Government official,"Rep. Norman Dicks [D, WA-6]",WA,6,147,4,0,1,0,0,103,2,0,190,4,0
400110,87490183861,Government official,"Rep. John Dingell [D, MI-15]",MI,15,427,17,0,213,18,0,140,2,0,1211,84,0
400111,154050553704,Government official,"Rep. Lloyd Doggett [D, TX-25]",TX,25,598,5,0,244,7,0,378,5,0,934,22,0
412420,189008781117534,Government official,"Rep. Bob Dold [R, IL-10]",IL,10,267,5,1,175,4,0,238,1,0,683,21,1
412205,168059529893610,Government official,"Rep. Joe Donnelly [D, IN-2]",IN,2,358,5,1,184,8,0,207,1,0,869,26,3
400114,79663724861,Government official,"Rep. Michael Doyle [D, PA-14]",PA,14,150,2,1,0,0,0,136,6,5,304,8,8
412488,119657691436457,Government official,"Rep. Sean Duffy [R, WI-7]",WI,7,355,4,2,6,0,0,357,3,2,874,4,1
412472,187268144624279,Government official,"Rep. Jeff Duncan [R, SC-3]",SC,3,295,5,2,5,0,0,288,14,12,817,15,14
400116,102385999834718,Government official,"Rep. John Duncan [R, TN-2]",TN,2,110,0,0,0,0,0,68,0,0,151,0,0
300038,180436795325335,Government official,"Sen. Richard Durbin [D, IL]",IL,,674,7,2,0,0,0,656,16,2,1549,12,5
412263,107297211756,Government official,"Rep. Donna Edwards [D, MD-4]",MD,4,210,4,0,251,5,0,67,0,0,302,9,0
412215,7997462059,Government official,"Rep. Keith Ellison [D, MN-5]",MN,5,285,2,1,2,0,0,96,1,0,337,1,1
412457,167641493275000,Government official,"Rep. Renee Ellmers [R, NC-2]",NC,2,357,5,4,207,3,3,454,2,2,737,9,7
400121,7912365134,Politician,"Rep. Jo Ann Emerson [R, MO-8]",MO,8,615,3,2,219,2,2,351,1,0,805,1,0
400122,103355984852,Government official,"Rep. Eliot Engel [D, NY-17]",NY,17,347,15,1,256,29,11,275,12,11,1044,87,0
300041,23068049436,Government official,"Sen. Michael Enzi [R, WY]",WY,,423,5,0,313,8,0,162,0,0,409,7,0
400124,174979964227,Government official,"Rep. Anna Eshoo [D, CA-14]",CA,14,283,4,1,1,0,0,188,4,0,524,1,1
412482,186894244673001,Government official,"Rep. Blake Farenthold [R, TX-27]",TX,27,299,7,4,201,8,7,236,6,3,464,5,5
400129,7018136294,Government official,"Rep. Sam Farr [D, CA-17]",CA,17,298,1,1,0,0,0,162,2,2,363,0,0
400130,165961823475034,Government official,"Rep. Chaka Fattah [D, PA-2]",PA,2,165,0,0,0,0,0,72,0,0,208,0,0
300043,6314129300,Politician,"Sen. Dianne Feinstein [D, CA]",CA,,230,18,7,380,23,10,86,7,2,354,39,6
400133,108902115809485,Government official,"Rep. Bob Filner [D, CA-51]",CA,51,218,6,0,161,9,0,92,1,0,535,5,0
412479,128861763849209,Government official,"Rep. Stephen Fincher [R, TN-8]",TN,8,176,2,0,0,0,0,119,2,0,314,0,0
400646,132077153521454,Government official,"Rep. Michael Fitzpatrick [R, PA-8]",PA,8,365,6,2,0,0,0,489,4,1,1277,7,5
412476,189998554345168,Government official,"Rep. Chuck Fleischmann [R, TN-3]",TN,3,347,3,2,228,6,6,294,8,6,835,5,5
412275,372154186772,Government official,"Rep. John Fleming [R, LA-4]",LA,4,495,5,0,1,0,0,220,4,0,1322,5,0
412480,146176682102245,Government official,"Rep. Bill Flores [R, TX-17]",TX,17,367,3,2,262,0,0,314,12,12,700,3,2
400137,356330225020,Government official,"Rep. Randy Forbes [R, VA-4]",VA,4,693,4,1,0,0,0,784,3,1,1577,4,3
400640,48426842354,Government official,"Rep. Jeffrey Fortenberry [R, NE-1]",NE,1,395,4,1,286,7,1,222,0,0,626,11,0
400140,6660553281,Politician,"Rep. Barney Frank [D, MA-4]",MA,4,61,2,0,2,0,0,0,0,0,109,2,0
412378,15483865491,Politician,"Sen. Al Franken [D, MN]",MN,,785,9,1,0,0,0,293,3,2,1176,14,0
400141,209486545087,Government official,"Rep. Trent Franks [R, AZ-2]",AZ,2,319,6,1,301,7,1,221,18,1,476,91,2
400142,20158179584,Politician,"Rep. Rodney Frelinghuysen [R, NJ-11]",NJ,11,58,0,0,62,0,0,2,0,0,5,0,0
412327,279006440801,Government official,"Rep. Marcia Fudge [D, OH-11]",OH,11,547,5,0,152,7,0,330,5,0,871,19,0
412382,182567716746,Government official,"Rep. John Garamendi [D, CA-10]",CA,10,253,1,0,0,0,0,271,2,0,847,2,0
412406,160924893954206,Government official,"Rep. Cory Gardner [R, CO-4]",CO,4,302,0,0,3,0,0,305,0,0,700,0,0
400145,6756553401,Government official,"Rep. Scott Garrett [R, NJ-5]",NJ,5,423,3,1,4,0,0,470,4,2,1032,0,0
400147,123113211050305,Government official,"Rep. Jim Gerlach [R, PA-6]",PA,6,93,1,0,4,0,0,96,3,0,284,0,0
412463,191159267565100,Government official,"Rep. Bob Gibbs [R, OH-18]",OH,18,215,2,1,151,8,7,231,7,7,564,2,0
412453,190238567659779,Government official,"Rep. Chris Gibson [R, NY-20]",NY,20,216,4,4,333,9,9,391,26,26,430,15,15
412188,96491952193,Government official,"Rep. Gabrielle Giffords [D, AZ-8]",AZ,8,468,0,0,365,0,0,58,0,0,209,0,0
400151,6934467868,Government official,"Rep. John Gingrey [R, GA-11]",GA,11,400,2,0,1,0,0,337,1,0,670,14,0
400651,50375006903,Government official,"Rep. Louis Gohmert [R, TX-1]",TX,1,421,7,0,299,2,0,212,3,0,404,7,0
400152,55174583605,Government official,"Rep. Charles Gonzalez [D, TX-20]",TX,20,247,4,0,6,0,0,221,3,0,469,2,0
400154,6459789414,Government official,"Rep. Robert Goodlatte [R, VA-6]",VA,6,263,2,0,13,0,0,170,2,0,392,0,0
412397,104329699641957,Government official,"Rep. Paul Gosar [R, AZ-1]",AZ,1,136,2,1,96,0,0,148,0,0,373,3,2
412473,143059759084016,Government official,"Rep. Trey Gowdy [R, SC-4]",SC,4,247,2,0,0,0,0,207,1,0,578,13,0
300047,257937783228,Government official,"Sen. Lindsey Graham [R, SC]",SC,,623,5,2,3,0,0,424,4,1,1103,1,1
400157,49640749719,Government official,"Rep. Kay Granger [R, TX-12]",TX,12,398,5,0,197,6,0,227,0,0,723,19,0
300048,106480645796,Government official,"Sen. Charles Grassley [R, IA]",IA,,432,3,2,175,0,0,424,1,1,738,5,3
400158,118514606128,Government official,"Rep. Samuel Graves [R, MO-6]",MO,6,295,2,2,1,0,0,256,4,4,506,1,1
412388,104548906262119,Government official,"Rep. Tom Graves [R, GA-9]",GA,9,366,6,1,16,0,0,356,4,1,953,26,0
400653,136237609724391,Government official,"Rep. Al Green [D, TX-9]",TX,9,87,3,0,58,2,0,15,0,0,125,1,0
400160,128735131872,Government official,"Rep. Raymond Green [D, TX-29]",TX,29,333,19,1,317,33,1,117,2,0,792,122,0
412401,151435304894144,Government official,"Rep. Tim Griffin [R, AR-2]",AR,2,385,4,2,0,0,0,712,2,1,1597,3,2
412485,141893975868919,Government official,"Rep. Morgan Griffith [R, VA-9]",VA,9,278,3,2,230,2,2,311,0,0,663,19,18
400162,73539896233,Government official,"Rep. Raul Grijalva [D, AZ-7]",AZ,7,732,18,2,4,0,0,755,10,1,1895,44,3
412447,172826269425545,Government official,"Rep. Frank Guinta [R, NH-1]",NH,1,201,2,2,2,0,0,233,2,2,665,1,1
412278,21836146886,Politician,"Rep. Brett Guthrie [R, KY-2]",KY,2,289,3,1,0,0,0,168,2,1,391,1,0
412324,7871449189,Government official,"Sen. Kay Hagan [D, NC]",NC,,390,6,4,280,7,3,300,2,2,549,3,2
412498,256471267712118,Government official,"Rep. Janice Hahn [D, CA-36]",CA,36,32,0,0,7,0,0,4,0,0,59,0,0
400165,6311458773,Government official,"Rep. Ralph Hall [R, TX-4]",TX,4,198,1,0,3,0,0,112,2,0,256,0,0
412418,169979129710178,Government official,"Rep. Colleen Hanabusa [D, HI-1]",HI,1,261,2,1,78,0,0,198,18,18,775,11,6
412454,172284859480630,Government official,"Rep. Richard Hanna [R, NY-24]",NY,24,251,1,0,144,0,0,274,2,0,514,3,0
300051,252422916567,Government official,"Sen. Thomas Harkin [D, IA]",IA,,381,8,1,308,11,4,152,3,0,372,22,0
412280,48248435938,Government official,"Rep. Gregg Harper [R, MS-3]",MS,3,422,15,1,397,26,0,195,1,0,901,84,10
412444,183580061667324,Government official,"Rep. Vicky Hartzler [R, MO-4]",MO,4,248,3,3,2,0,0,355,35,35,682,19,19
400170,95696782238,Government official,"Rep. Alcee Hastings [D, FL-23]",FL,23,151,1,0,0,0,0,0,0,0,480,10,0
400171,7507129675,Government official,"Rep. Doc Hastings [R, WA-4]",WA,4,182,3,1,25,0,0,149,3,1,327,3,2
300052,46877272444,Politician,"Sen. Orrin Hatch [R, UT]",UT,,441,2,1,214,2,2,193,2,2,737,1,0
412452,179470318754613,Government official,"Rep. Nan Hayworth [R, NY-19]",NY,19,330,3,0,193,2,0,364,0,0,936,3,0
412446,155211751194624,Government official,"Rep. Joe Heck [R, NV-3]",NV,3,281,1,1,0,0,0,367,2,2,802,2,2
400175,7875604788,Government official,"Rep. Jeb Hensarling [R, TX-5]",TX,5,337,7,1,0,0,0,239,6,1,542,4,0
400176,106290861103,Government official,"Rep. Walter Herger [R, CA-2]",CA,2,111,1,1,1,0,0,68,0,0,160,1,1
412486,177551525610164,Government official,"Rep. Jaime Herrera Beutler [R, WA-3]",WA,3,249,1,0,135,1,0,106,0,0,259,0,0
400641,88144056440,Government official,"Rep. Brian Higgins [D, NY-27]",NY,27,324,2,1,6,0,0,230,3,2,625,2,2
412282,85767418619,Government official,"Rep. James Himes [D, CT-4]",CT,4,245,0,0,0,0,0,240,0,0,737,0,0
400178,7842551363,Government official,"Rep. Maurice Hinchey [D, NY-22]",NY,22,450,4,2,267,3,1,252,0,0,529,6,2
400179,402891225161,Government official,"Rep. Rubén Hinojosa [D, TX-15]",TX,15,192,3,0,0,0,0,126,3,0,594,0,0
412497,173600989370112,Government official,"Rep. Kathleen Hochul [D, NY-26]",NY,26,110,1,1,23,0,0,69,0,0,355,5,5
412494,194483057244478,Government official,"Sen. John Hoeven [R, ND]",ND,,256,4,0,122,4,0,115,4,0,385,22,0
400183,239695980964,Politician,"Rep. Tim Holden [D, PA-17]",PA,17,89,0,0,0,0,0,41,0,0,104,0,0
400185,15675385380,Government official,"Rep. Michael Honda [D, CA-15]",CA,15,455,6,0,276,6,0,220,1,0,448,7,0
400189,282861997886,Government official,"Rep. Steny Hoyer [D, MD-5]",MD,5,526,2,0,1,0,0,540,0,0,1239,2,0
412437,145764842143763,Government official,"Rep. Bill Huizenga [R, MI-2]",MI,2,399,8,0,194,9,0,299,0,0,857,28,0
412422,186221644739359,Government official,"Rep. Randy Hultgren [R, IL-14]",IL,14,309,3,2,287,1,1,469,0,0,780,3,2
412283,79072979038,Government official,"Rep. Duncan Hunter [R, CA-52]",CA,52,403,12,1,291,11,0,263,1,0,535,47,3
412484,120068161395562,Government official,"Rep. Robert Hurt [R, VA-5]",VA,5,299,7,2,211,6,1,386,5,5,817,15,1
300054,110827655618837,Government organization,"Sen. Kay Hutchison [R, TX]",TX,,389,12,9,225,28,26,337,9,7,653,13,6
300055,55018309421,Government official,"Sen. James Inhofe [R, OK]",OK,,386,10,8,233,3,3,306,2,2,543,10,4
400193,6227578465,Politician,"Rep. Jay Inslee [D, WA-1]",WA,1,548,12,3,357,15,2,137,1,1,449,66,2
400194,86611900672,Politician,"Sen. John Isakson [R, GA]",GA,,540,7,5,2,0,0,240,8,7,644,2,1
400198,16250110021,Government official,"Rep. Jesse Jackson [D, IL-2]",IL,2,250,2,0,1,0,0,125,0,0,305,5,0
400199,169479190984,Politician,"Rep. Sheila Jackson-Lee [D, TX-18]",TX,18,249,8,0,0,0,0,114,7,0,306,11,0
412284,6974973662,Government official,"Rep. Lynn Jenkins [R, KS-2]",KS,2,345,5,2,243,3,0,344,0,0,700,13,2
412320,399357233834,Government official,"Sen. Mike Johanns [R, NE]",NE,,492,7,4,3,0,0,504,34,32,1231,15,14
412460,170477096312258,Government official,"Rep. Bill Johnson [R, OH-6]",OH,6,196,2,1,1,0,0,282,3,3,613,1,0
400204,84096022067,Government official,"Rep. Eddie Johnson [D, TX-30]",TX,30,245,4,1,1,0,0,159,5,0,745,8,1
412199,115356957005,Government official,"Rep. Henry Johnson [D, GA-4]",GA,4,227,0,0,1,0,0,151,0,0,382,0,0
412496,186181661410703,Government official,"Sen. Ron Johnson [R, WI]",WI,,303,4,4,18,0,0,234,7,7,709,17,17
400206,52454091867,Government official,"Rep. Samuel Johnson [R, TX-3]",TX,3,298,0,0,0,0,0,361,0,0,989,0,0
300058,181659658522485,Government official,"Sen. Tim Johnson [D, SD]",SD,,346,2,2,0,0,0,307,2,2,1042,1,1
400207,111124328962250,Government official,"Rep. Timothy Johnson [R, IL-15]",IL,15,134,1,0,0,0,0,92,0,0,231,14,0
400209,15083070102,Government official,"Rep. Walter Jones [R, NC-3]",NC,3,377,13,1,379,23,1,71,0,0,490,35,11
412226,35499336459,Government official,"Rep. Jim Jordan [R, OH-4]",OH,4,284,4,0,320,2,0,83,1,0,215,7,0
400211,6225522279,Politician,"Rep. Marcy Kaptur [D, OH-9]",OH,9,405,8,1,409,3,0,190,1,0,292,17,3
412435,183092598372008,Government official,"Rep. William Keating [D, MA-10]",MA,10,136,0,0,3,0,0,57,0,0,367,0,0
412465,191056827594903,Government official,"Rep. Mike Kelly [R, PA-3]",PA,3,135,7,2,216,5,3,150,7,2,207,9,2
300060,6685427293,Government official,"Sen. John Kerry [D, MA]",MA,,274,16,0,186,11,0,82,9,0,389,76,0
400216,107229849424,Government official,"Rep. Dale Kildee [D, MI-5]",MI,5,60,0,0,0,0,0,54,0,0,94,0,0
400219,6473387426,Politician,"Rep. Peter King [R, NY-3]",NY,3,194,1,0,239,0,0,99,0,0,81,1,0
400220,134325379926458,Government official,"Rep. Steve King [R, IA-5]",IA,5,773,13,0,0,0,0,600,8,0,1837,23,0
400221,6914617307,Government official,"Rep. Jack Kingston [R, GA-1]",GA,1,328,2,0,0,0,0,196,2,0,509,0,0
412421,187811174579106,Government official,"Rep. Adam Kinzinger [R, IL-11]",IL,11,557,5,2,4,2,2,675,12,9,1514,28,28
400222,116381528428230,Government organization,"Sen. Mark Kirk [R, IL]",IL,,494,7,5,0,0,0,661,5,4,1501,15,13
412287,11156132835,Government official,"Rep. Larry Kissell [D, NC-8]",NC,8,67,0,0,0,0,0,36,0,0,74,0,0
412242,7606381190,Politician,"Sen. Amy Klobuchar [D, MN]",MN,,125,1,1,4,0,0,30,0,0,162,1,1
300061,312492579015,Government official,"Sen. Herbert Kohl [D, WI]",WI,,398,6,2,306,6,1,178,2,2,492,13,1
400227,147050393077,Politician,"Rep. Dennis Kucinich [D, OH-10]",OH,10,270,2,0,0,0,0,196,1,0,394,12,0
300062,6949597461,Government official,"Sen. Jon Kyl [R, AZ]",AZ,,185,5,1,0,0,0,77,1,0,282,10,1
400235,112386998809862,Government official,"Rep. Steven LaTourette [R, OH-14]",OH,14,99,0,0,0,0,0,172,0,0,286,0,0
412419,180970951936493,Government official,"Rep. Raúl Labrador [R, ID-1]",ID,1,214,2,1,156,8,7,93,2,2,245,13,0
412191,45059452286,Government official,"Rep. Doug Lamborn [R, CO-5]",CO,5,259,2,1,0,0,0,227,3,3,645,25,10
412290,100830109970339,Government official,"Rep. Leonard Lance [R, NJ-7]",NJ,7,323,14,0,325,18,0,288,0,0,972,52,0
300063,122518851125820,Government official,"Sen. Mary Landrieu [D, LA]",LA,,519,5,2,13,0,0,465,7,3,1072,8,0
412433,131618273567984,Government official,"Rep. Jeff Landry [R, LA-3]",LA,3,502,3,0,0,0,0,640,5,0,1650,21,0
400230,6578978441,Government official,"Rep. James Langevin [D, RI-2]",RI,2,294,0,0,153,0,0,250,0,0,662,0,0
412464,130873066975024,Government official,"Rep. James Lankford [R, OK-5]",OK,5,343,3,1,1,0,0,475,1,1,1155,12,4
400232,135654683137079,Government official,"Rep. Rick Larsen [D, WA-2]",WA,2,300,4,0,178,5,0,446,0,0,998,19,0
400233,6352928631,Government official,"Rep. John Larson [D, CT-1]",CT,1,194,4,2,7,0,0,140,4,2,431,1,1
400234,700499667,,"Rep. Thomas Latham [R, IA-4]",IA,4,0,0,0,0,0,0,0,0,0,0,0,0
300064,121816241167991,Government official,"Sen. Frank Lautenberg [D, NJ]",NJ,,277,0,0,265,0,0,143,0,0,501,0,0
400237,92190287786,Government official,"Rep. Barbara Lee [D, CA-9]",CA,9,482,10,1,256,10,2,243,12,2,566,16,0
412495,178081365556898,Public figure,"Sen. Mike Lee [R, UT]",UT,,468,4,2,1,0,0,416,4,0,991,2,2
300066,7481814545,Government official,"Sen. Carl Levin [D, MI]",MI,,217,2,2,1,0,0,77,1,1,244,2,2
400240,82737208404,Government official,"Rep. John Lewis [D, GA-5]",GA,5,325,2,0,8,0,0,172,2,0,429,0,0
300067,7816456174,Politician,"Sen. Joseph Lieberman [I, CT]",CT,,242,1,0,3,0,0,144,1,0,359,0,0
400630,103286879730089,Politician,"Rep. Daniel Lipinski [D, IL-3]",IL,3,196,1,0,0,0,0,213,1,0,456,0,0
412209,291731316748,Government official,"Rep. David Loebsack [D, IA-2]",IA,2,166,1,0,0,0,0,111,1,0,253,0,0
400245,221191600719,Government official,"Rep. Zoe Lofgren [D, CA-16]",CA,16,167,1,0,0,0,0,91,1,0,340,0,0
412445,139631049438354,Government official,"Rep. Billy Long [R, MO-7]",MO,7,60,2,2,3,0,0,26,1,1,56,1,1
400246,158290607551599,Government official,"Rep. Nita Lowey [D, NY-18]",NY,18,152,1,1,71,5,5,68,0,0,185,1,1
400247,7872057395,Government official,"Rep. Frank Lucas [R, OK-3]",OK,3,150,1,0,0,0,0,102,1,0,205,0,0
412292,1130126132,,"Rep. Blaine Luetkemeyer [R, MO-9]",MO,9,136,0,0,163,0,0,5,0,0,12,0,0
300070,28566300472,Government official,"Sen. Richard Lugar [R, IN]",IN,,429,2,2,0,0,0,437,3,3,1035,0,0
412293,112962521120,Government official,"Rep. Ben Luján [D, NM-3]",NM,3,267,3,1,0,0,0,147,2,0,457,6,6
400617,49069022814,Government official,"Rep. Daniel Lungren [R, CA-3]",CA,3,314,8,1,324,13,0,200,1,0,596,39,1
400249,133720816696865,Government official,"Rep. Stephen Lynch [D, MA-9]",MA,9,99,1,0,36,1,0,33,2,0,210,1,0
400622,6922949219,Politician,"Rep. Connie Mack [R, FL-14]",FL,14,543,6,1,301,3,1,244,1,0,530,23,1
400251,7835151610,Government official,"Rep. Carolyn Maloney [D, NY-14]",NY,14,368,0,0,1,0,0,228,0,0,730,0,0
400252,7109275891,Government official,"Rep. Donald Manzullo [R, IL-16]",IL,16,314,9,1,295,26,10,319,14,12,618,29,3
400656,6349487899,Government official,"Rep. Kenny Marchant [R, TX-24]",TX,24,256,2,2,2,0,0,53,3,3,619,1,1
412468,144408762280226,Government official,"Rep. Thomas Marino [R, PA-10]",PA,10,227,1,0,142,0,0,245,0,0,569,1,0
400253,6846731378,Government official,"Rep. Edward Markey [D, MA-7]",MA,7,449,6,0,0,0,0,469,10,0,1039,7,0
400255,131888123517015,Government official,"Rep. Jim Matheson [D, UT-2]",UT,2,282,2,1,0,0,0,256,3,2,557,0,0
300071,6425923706,Government official,"Sen. John McCain [R, AZ]",AZ,,368,1,0,2,0,0,10,0,0,903,1,0
412190,51052893175,Government official,"Rep. Kevin McCarthy [R, CA-22]",CA,22,445,4,0,7,0,0,675,4,0,1352,0,0
412243,131498087618,Government official,"Sen. Claire McCaskill [D, MO]",MO,,247,8,5,359,5,3,119,4,0,136,7,3
400654,6355254859,Government official,"Rep. Michael McCaul [R, TX-10]",TX,10,301,6,1,281,4,1,262,2,0,513,5,0
412295,81125319109,Government official,"Rep. Tom McClintock [R, CA-4]",CA,4,252,4,1,6,0,0,121,3,1,301,3,0
300072,123994667639233,Government official,"Sen. Mitch McConnell [R, KY]",KY,,291,9,3,0,0,0,116,7,1,603,30,14
400260,11075270687,Government official,"Rep. Thaddeus McCotter [R, MI-11]",MI,11,594,7,1,1,0,0,392,19,13,925,7,0
400262,246418928093,Government official,"Rep. James McDermott [D, WA-7]",WA,7,352,5,2,184,5,3,159,3,2,351,13,7
400644,8045519803,Government official,"Rep. Patrick McHenry [R, NC-10]",NC,10,276,6,1,296,4,1,337,1,1,518,3,0
400266,340903514856,Government official,"Rep. Mike McIntyre [D, NC-7]",NC,7,235,0,0,0,0,0,338,0,0,621,0,0
400267,8138529578,Government official,"Rep. Howard McKeon [R, CA-25]",CA,25,363,2,2,238,3,3,276,2,2,535,1,1
412487,130377260362609,Government official,"Rep. David McKinley [R, WV-1]",WV,1,244,13,0,233,19,0,110,2,0,830,53,0
400659,321618789771,Government official,"Rep. Cathy McMorris Rodgers [R, WA-5]",WA,5,430,3,1,312,1,0,277,0,0,602,3,1
412189,6553468980,Politician,"Rep. Jerry McNerney [D, CA-11]",CA,11,386,2,2,316,1,1,114,2,2,344,3,3
400271,6818717502,Politician,"Rep. Gregory Meeks [D, NY-6]",NY,6,57,0,0,66,0,0,0,0,0,1,0,0
400272,349744811357,Government official,"Sen. Robert Menéndez [D, NJ]",NJ,,342,1,1,0,0,0,208,1,1,491,1,1
412325,74374931545,Government official,"Sen. Jeff Merkley [D, OR]",OR,,345,7,3,343,7,3,77,1,0,258,22,0
400274,131279995382,Government official,"Rep. Michael Michaud [D, ME-2]",ME,2,303,2,1,0,0,0,202,1,1,473,1,0
400276,210401648605,Government official,"Rep. Candice Miller [R, MI-10]",MI,10,243,2,1,0,0,0,189,2,1,382,0,0
400277,105352226181045,Government official,"Rep. Gary Miller [R, CA-42]",CA,42,90,1,0,0,0,0,56,1,0,141,0,0
400279,66367876671,Government official,"Rep. Jeff Miller [R, FL-1]",FL,1,352,3,1,275,2,2,566,3,2,893,17,5
400280,173843222653694,Government official,"Rep. Bradley Miller [D, NC-13]",NC,13,72,2,1,0,0,0,46,2,1,117,12,12
400661,58864029545,Government official,"Rep. Gwen Moore [D, WI-4]",WI,4,371,8,0,296,6,0,78,0,0,258,6,0
400283,100123453059,Government official,"Rep. James Moran [D, VA-8]",VA,8,255,21,1,5,0,0,103,9,0,320,25,4
400284,171578807105,Government official,"Sen. Jerry Moran [R, KS]",KS,,430,6,5,270,4,4,221,5,5,519,7,6
412474,188649667827713,Government official,"Rep. Mick Mulvaney [R, SC-5]",SC,5,321,5,1,283,11,11,461,48,47,663,61,49
300075,25271170290,Government official,"Sen. Lisa Murkowski [R, AK]",AK,,494,2,2,0,0,0,377,40,40,918,1,1
400285,105769762798552,Government official,"Rep. Tim Murphy [R, PA-18]",PA,18,295,18,0,253,29,0,139,3,0,881,83,0
300076,131182018871,Politician,"Sen. Patty Murray [D, WA]",WA,,196,3,3,2,0,0,13,0,0,294,3,3
400288,6196229919,Government official,"Rep. Sue Myrick [R, NC-9]",NC,9,327,21,0,384,30,0,271,11,0,865,95,0
400289,78291598977,Government official,"Rep. Jerrold Nadler [D, NY-8]",NY,8,205,5,1,0,0,0,207,2,0,437,6,3
400290,163108420409412,Government official,"Rep. Grace Napolitano [D, CA-38]",CA,38,124,0,0,56,0,0,43,0,0,144,0,0
400291,388547605724,Politician,"Rep. Richard Neal [D, MA-2]",MA,2,323,0,0,169,0,0,149,0,0,633,0,0
300077,6226702589,Politician,"Sen. Ben Nelson [D, NE]",NE,,387,3,2,0,0,0,358,9,9,713,2,1
300078,22515581608,Politician,"Sen. Bill Nelson [D, FL]",FL,,333,3,3,358,3,3,104,1,1,105,4,4
400441,64137294987,Government official,"Rep. Randy Neugebauer [R, TX-19]",TX,19,395,7,1,278,6,3,313,2,0,539,4,0
412475,118670721538023,Government official,"Rep. Kristi Noem [R, SD-0]",SD,0,329,4,2,237,1,0,407,3,3,753,12,11
400295,61731840657,Politician,"Del. Eleanor Norton [D, DC-0]",DC,0,525,6,0,275,7,0,198,0,0,583,24,0
412409,183541871674897,Government official,"Rep. Richard Nugent [R, FL-5]",FL,5,174,2,2,0,0,0,198,7,7,493,15,15
400297,1693459598,,"Rep. Devin Nunes [R, CA-21]",CA,21,0,0,0,0,0,0,0,0,0,0,0,0
412442,144919278895639,Government official,"Rep. Alan Nunnelee [R, MS-1]",MS,1,250,1,1,4,0,0,404,0,0,969,1,1
412302,20718168936,Government official,"Rep. Pete Olson [R, TX-22]",TX,22,445,8,3,0,0,0,777,24,11,1663,4,3
400301,135136666500416,Government official,"Rep. John Olver [D, MA-1]",MA,1,222,1,0,0,0,0,318,1,0,667,0,0
412383,132985523396856,Government official,"Rep. William Owens [D, NY-23]",NY,23,262,2,2,4,0,0,354,2,2,874,3,3
412443,186908658003781,Government official,"Rep. Steven Palazzo [R, MS-4]",MS,4,292,2,1,0,0,0,306,3,2,707,4,4
400309,303312929155,Government official,"Rep. William Pascrell [D, NJ-8]",NJ,8,260,0,0,0,0,0,168,0,0,412,0,0
412492,161355253917286,Government official,"Sen. Rand Paul [R, KY]",KY,,567,6,2,0,0,0,364,5,1,1165,18,15
400311,6233046685,Politician,"Rep. Ronald Paul [R, TX-14]",TX,14,436,7,0,371,6,0,269,2,0,397,2,0
412303,128558293848160,Government official,"Rep. Erik Paulsen [R, MN-3]",MN,3,220,1,0,1,0,0,140,1,0,333,0,0
400313,180280568662135,Government official,"Rep. Steven Pearce [R, NM-2]",NM,2,460,2,1,0,0,0,638,7,7,1284,58,25
400314,86574174383,Government official,"Rep. Nancy Pelosi [D, CA-8]",CA,8,354,2,0,319,0,0,104,1,0,209,2,0
400315,6726182861,Politician,"Rep. Mike Pence [R, IN-6]",IN,6,724,10,0,270,7,0,241,0,0,860,23,0
412192,86174496459,Government official,"Rep. Ed Perlmutter [D, CO-7]",CO,7,271,3,0,0,0,0,225,6,0,485,1,0
412305,88851604323,Government official,"Rep. Gary Peters [D, MI-9]",MI,9,173,3,1,0,0,0,102,2,0,262,1,1
400316,6595227967,Politician,"Rep. Collin Peterson [D, MN-7]",MN,7,130,1,1,158,1,1,33,0,0,57,0,0
412307,91529332807,Government official,"Rep. Chellie Pingree [D, ME-1]",ME,1,311,2,1,0,0,0,165,0,0,419,2,1
400320,94156528752,Government official,"Rep. Joseph Pitts [R, PA-16]",PA,16,179,2,1,0,0,0,188,1,1,409,9,0
400321,7894694121,Politician,"Rep. Todd Platts [R, PA-19]",PA,19,119,3,2,155,2,2,65,0,0,28,1,0
400652,100000050751226,,"Rep. Ted Poe [R, TX-2]",TX,2,0,0,0,0,0,0,0,0,0,0,0,0
412308,53481427529,Politician,"Rep. Jared Polis [D, CO-2]",CO,2,396,9,1,322,8,1,175,2,1,394,17,0
412431,101965369880683,Government official,"Rep. Mike Pompeo [R, KS-4]",KS,4,261,3,1,0,0,0,228,2,0,698,4,4
400325,45243961073,Politician,"Sen. Robert Portman [R, OH]",OH,,567,4,2,0,0,0,288,3,2,932,3,2
412309,100000080395369,,"Rep. Bill Posey [R, FL-15]",FL,15,0,0,0,0,0,0,0,0,0,0,0,0
400326,8338225975,Politician,"Rep. David Price [D, NC-4]",NC,4,307,3,2,253,1,1,114,3,0,185,5,5
400626,172032960420,Government official,"Rep. Tom Price [R, GA-6]",GA,6,400,7,2,20,0,0,378,2,1,852,12,2
300080,9248638978,Government official,"Sen. Mark Pryor [D, AR]",AR,,242,2,1,5,0,0,124,1,0,338,1,1
412398,119939744741668,Government official,"Rep. Ben Quayle [R, AZ-3]",AZ,3,197,3,2,1,0,0,221,5,2,495,25,1
412331,158963645688,Government official,"Rep. Mike Quigley [D, IL-5]",IL,5,362,9,0,207,14,0,181,2,0,818,57,0
400331,357958026910,Government official,"Rep. Nick Rahall [D, WV-3]",WV,3,45,0,0,0,0,0,10,0,0,101,0,0
400333,7390589055,Government official,"Rep. Charles Rangel [D, NY-15]",NY,15,457,5,0,147,4,0,406,4,0,875,2,0
412393,102449199835273,Government official,"Rep. Tom Reed [R, NY-29]",NY,29,194,1,1,377,3,3,449,2,2,507,1,1
400335,487856380061,Government official,"Rep. Dennis Rehberg [R, MT-0]",MT,0,414,3,0,294,1,0,243,0,0,684,12,0
400660,91504302598,Government official,"Rep. Dave Reichert [R, WA-8]",WA,8,330,7,1,281,6,1,313,4,0,598,13,0
300082,91663082846,Politician,"Sen. Harry Reid [D, NV]",NV,,337,7,0,3,0,0,96,2,0,577,7,0
412462,187639524595278,Government official,"Rep. Jim Renacci [R, OH-16]",OH,16,247,2,0,12,0,0,335,1,0,709,1,0
400337,105434391510,Government official,"Rep. Silvestre Reyes [D, TX-16]",TX,16,356,0,0,1,0,0,262,0,0,830,0,0
412489,157169920997203,Government official,"Rep. Reid Ribble [R, WI-8]",WI,8,277,3,0,4,0,0,225,1,0,510,13,0
412253,196367373427,Government official,"Rep. Laura Richardson [D, CA-37]",CA,37,85,1,0,3,0,0,47,1,0,133,0,0
412432,197737020257085,Politician,"Rep. Cedric Richmond [D, LA-2]",LA,2,71,0,0,22,0,0,22,0,0,81,0,0
412483,167851429918010,Government official,"Rep. Scott Rigell [R, VA-2]",VA,2,457,5,2,245,6,5,291,4,4,753,5,1
412322,10148632367,Politician,"Sen. James Risch [R, ID]",ID,,2,0,0,1,0,0,1,0,0,0,0,0
412415,174136165957653,Government official,"Rep. David Rivera [R, FL-25]",FL,25,200,1,1,103,5,5,184,5,5,635,1,1
300083,205694792808927,Government official,"Sen. Pat Roberts [R, KS]",KS,,289,2,0,0,0,0,193,0,0,411,2,0
412394,174519582574426,Government official,"Rep. Martha Roby [R, AL-2]",AL,2,331,0,0,211,0,0,280,0,0,596,0,0
412310,130725126985966,Politician,"Rep. Phil Roe [R, TN-1]",TN,1,249,3,2,2,0,0,216,1,0,477,4,4
400342,168209963203416,Government official,"Rep. Michael Rogers [R, MI-8]",MI,8,425,3,2,0,0,0,283,0,0,718,8,7
400343,78476240421,Politician,"Rep. Dana Rohrabacher [R, CA-46]",CA,46,349,4,0,340,3,0,222,1,0,365,0,0
412426,1516311155,,"Rep. Todd Rokita [R, IN-4]",IN,4,120,1,0,138,1,0,40,0,0,43,0,0
412311,117697790448,Government official,"Rep. Thomas Rooney [R, FL-16]",FL,16,532,4,2,11,0,0,524,22,21,1176,31,30
400344,1488738651,,"Rep. Ileana Ros-Lehtinen [R, FL-18]",FL,18,242,0,0,0,0,0,71,0,0,326,0,0
412202,118777661469195,Government official,"Rep. Peter Roskam [R, IL-6]",IL,6,310,1,0,15,0,0,269,0,0,580,5,0
412411,186775984680072,Politician,"Rep. Dennis Ross [R, FL-12]",FL,12,184,9,0,279,15,0,281,35,0,456,39,0
400347,139773069370563,Government official,"Rep. Lucille Roybal-Allard [D, CA-34]",CA,34,198,0,0,92,0,0,141,0,0,621,0,0
400348,6460640558,Government official,"Rep. Edward Royce [R, CA-40]",CA,40,432,12,0,271,20,0,281,0,0,874,42,0
412491,178910518800987,Politician,"Sen. Marco Rubio [R, FL]",FL,,356,2,0,256,1,0,96,0,0,216,1,0
412449,177208315676754,Politician,"Rep. Jon Runyan [R, NJ-3]",NJ,3,173,0,0,143,0,0,193,0,0,290,0,0
400351,7123827676,Government official,"Rep. Paul Ryan [R, WI-1]",WI,1,181,3,0,385,19,0,388,3,0,344,2,0
400352,121560497865,Government official,"Rep. Timothy Ryan [D, OH-17]",OH,17,382,3,0,339,4,0,181,0,0,301,5,0
412312,153423912663,Government official,"Del. Gregorio Sablan [D, MP-0]",MP,0,253,0,0,0,0,0,111,0,0,509,0,0
400356,90966961167,Government official,"Rep. Loretta Sanchez [D, CA-47]",CA,47,220,2,0,0,0,0,204,1,0,412,5,0
400357,9124187907,Government official,"Sen. Bernard Sanders [I, VT]",VT,,431,15,1,373,33,1,68,8,0,258,15,0
412212,22429695864,Politician,"Rep. John Sarbanes [D, MD-3]",MD,3,296,2,1,178,2,1,106,1,1,299,3,3
412261,50936151681,Politician,"Rep. Steve Scalise [R, LA-1]",LA,1,387,15,1,342,24,1,174,1,0,872,88,2
400360,160143957118,Government official,"Rep. Janice Schakowsky [D, IL-9]",IL,9,330,23,1,290,29,0,117,6,0,625,117,1
400361,9086721830,Government official,"Rep. Adam Schiff [D, CA-29]",CA,29,512,3,0,189,3,0,326,1,0,937,5,0
412423,128585410538393,Government official,"Rep. Robert Schilling [R, IL-17]",IL,17,299,1,1,324,0,0,370,1,1,491,0,0
412010,108130217090,Government official,"Rep. Jean Schmidt [R, OH-2]",OH,2,116,2,1,0,0,0,70,2,1,354,8,0
412314,70882853544,Politician,"Rep. Aaron Schock [R, IL-18]",IL,18,526,4,1,340,6,1,253,2,2,547,12,0
412315,94978896695,Government official,"Rep. Kurt Schrader [D, OR-5]",OR,5,207,2,2,21,0,0,148,1,1,346,5,5
300087,15771239406,Government official,"Sen. Charles Schumer [D, NY]",NY,,292,6,2,285,11,3,105,2,0,220,2,0
400647,100001432296050,,"Rep. Allyson Schwartz [D, PA-13]",PA,13,6,0,0,0,0,0,2,0,0,4,0,0
412399,150338151681908,Government official,"Rep. David Schweikert [R, AZ-5]",AZ,5,333,6,0,0,0,0,368,12,0,888,30,0
412417,131177916946914,Public figure,"Rep. Austin Scott [R, GA-8]",GA,8,360,2,1,8,0,0,285,3,3,681,2,1
400363,113303673339,Government official,"Rep. David Scott [D, GA-13]",GA,13,239,5,1,341,12,1,212,0,0,428,14,0
400364,123839200978190,Government official,"Rep. Robert Scott [D, VA-3]",VA,3,443,10,2,301,13,1,220,1,1,740,21,1
412471,163207553711385,Government official,"Rep. Tim Scott [R, SC-1]",SC,1,429,3,2,312,2,1,133,3,0,416,6,6
400366,273446508512,Government official,"Rep. José Serrano [D, NY-16]",NY,16,370,1,0,0,0,0,281,0,0,717,1,0
300088,23444159584,Government official,"Sen. Jefferson Sessions [R, AL]",AL,,409,3,0,250,0,0,254,2,0,487,3,0
400367,367963843082,Government official,"Rep. Peter Sessions [R, TX-32]",TX,32,226,3,0,0,0,0,282,1,0,482,8,0
412396,117758198297225,Government official,"Rep. Terri Sewell [D, AL-7]",AL,7,125,0,0,0,0,0,65,0,0,219,0,0
412323,127503767282103,Government official,"Sen. Jeanne Shaheen [D, NH]",NH,,432,4,1,27,0,0,369,6,2,1231,1,0
300089,50850514797,Government official,"Sen. Richard Shelby [R, AL]",AL,,338,10,1,355,12,1,92,4,0,468,7,0
400371,63158229861,Government official,"Rep. Brad Sherman [D, CA-27]",CA,27,208,2,1,2,0,0,149,1,0,292,3,3
400373,123916254317516,Government official,"Rep. John Shimkus [R, IL-19]",IL,19,400,5,1,222,9,8,409,7,6,825,3,0
412225,6216929238,Government official,"Rep. Heath Shuler [D, NC-11]",NC,11,274,2,1,0,0,0,117,3,1,334,0,0
409888,54386677806,Government official,"Rep. William Shuster [R, PA-9]",PA,9,214,4,1,259,3,2,367,1,1,415,5,0
400376,96007744606,Government official,"Rep. Michael Simpson [R, ID-2]",ID,2,111,1,0,1,0,0,89,2,0,145,0,0
412186,81058818750,Government official,"Rep. Albio Sires [D, NJ-13]",NJ,13,101,0,0,0,0,0,79,0,0,134,0,0
400378,82424647700,Government official,"Rep. Louise Slaughter [D, NY-28]",NY,28,382,10,0,294,8,0,220,3,0,465,22,0
412217,5962789983,Politician,"Rep. Adrian Smith [R, NE-3]",NE,3,411,1,0,6,0,0,287,0,0,599,1,0
400381,107736785195,Government official,"Rep. Lamar Smith [R, TX-21]",TX,21,268,3,1,9,0,0,162,24,1,692,3,1
300091,165865453427287,Government official,"Sen. Olympia Snowe [R, ME]",ME,,336,5,1,0,0,0,257,3,0,562,10,1
412408,156234611092438,Government official,"Rep. Steve Southerland [R, FL-2]",FL,2,306,1,0,6,0,0,277,0,0,634,7,0
412259,99332606976,Government official,"Rep. Jackie Speier [D, CA-12]",CA,12,492,3,0,0,0,0,288,1,0,737,5,0
300093,8408030527,Politician,"Sen. Debbie Ann Stabenow [D, MI]",MI,,343,6,1,274,10,1,88,5,0,431,8,0
400387,91309044928,Government official,"Rep. Fortney Stark [D, CA-13]",CA,13,293,8,2,178,4,1,285,17,12,674,27,21
400388,47117734565,Government official,"Rep. Clifford Stearns [R, FL-6]",FL,6,377,19,1,328,28,0,192,2,0,902,84,1
412461,116058275133542,Government official,"Rep. Steve Stivers [R, OH-15]",OH,15,329,6,0,256,8,0,203,2,0,509,24,0
412392,109067049164902,Politician,"Rep. Marlin Stutzman [R, IN-3]",IN,3,326,4,1,201,5,2,356,5,4,779,18,0
412228,6871203036,Politician,"Rep. Betty Sutton [D, OH-13]",OH,13,126,0,0,155,0,0,22,0,0,25,0,0
400355,110685735673141,Government official,"Rep. Linda Sánchez [D, CA-39]",CA,39,104,4,0,0,0,0,48,6,0,192,1,0
400400,393886975960,Government official,"Rep. Lee Terry [R, NE-2]",NE,2,408,8,4,1,0,0,478,60,56,762,7,7
412244,210573031664,Government official,"Sen. Jon Tester [D, MT]",MT,,356,5,0,14,0,0,240,2,0,655,3,0
400402,7259193379,Government official,"Rep. Bennie Thompson [D, MS-2]",MS,2,4,0,0,1,0,0,2,0,0,2,0,0
400403,7109195747,Government official,"Rep. Michael Thompson [D, CA-1]",CA,1,368,5,1,156,5,0,293,2,1,717,6,3
412317,14463006747,Government official,"Rep. Glenn Thompson [R, PA-5]",PA,5,99,0,0,3,0,0,45,0,0,135,0,0
400404,7760165627,Government official,"Rep. William Thornberry [R, TX-13]",TX,13,385,2,0,276,2,0,302,3,0,649,0,0
400546,63002536261,Politician,"Sen. John Thune [R, SD]",SD,,467,2,1,0,0,0,130,0,0,564,8,7
400406,90452932937,Government official,"Rep. Patrick Tiberi [R, OH-12]",OH,12,190,1,0,0,0,0,163,1,0,285,0,0
412405,191428784201721,Government official,"Rep. Scott Tipton [R, CO-3]",CO,3,284,1,0,166,0,0,332,0,0,925,15,0
412319,164036221404,Government official,"Rep. Paul Tonko [D, NY-21]",NY,21,343,2,1,0,0,0,252,0,0,729,2,1
400408,189274047751251,Government official,"Sen. Patrick Toomey [R, PA]",PA,,326,15,4,261,14,8,298,16,15,623,37,8
400409,135539823985,Government official,"Rep. Edolphus Towns [D, NY-10]",NY,10,331,22,0,327,26,0,92,1,0,737,229,0
400411,9275036647,Government official,"Rep. Michael Turner [R, OH-3]",OH,3,460,7,3,236,9,3,274,0,0,705,19,1
412499,9275036647,Government official,"Rep. Robert Turner [R, NY-9]",NY,9,460,7,0,236,9,0,274,0,0,705,19,0
400412,17204170252,Government official,"Sen. Mark Udall [D, CO]",CO,,378,4,3,312,5,5,175,2,2,269,2,1
400413,106433512869,Government official,"Sen. Tom Udall [D, NM]",NM,,396,8,2,314,6,1,148,1,0,368,21,2
400414,212027388827797,Government official,"Rep. Frederick Upton [R, MI-6]",MI,6,427,16,1,302,9,1,136,13,0,763,73,0
400415,109304033877,Government official,"Rep. Christopher Van Hollen [D, MD-8]",MD,8,66,3,0,5,0,0,32,1,0,98,7,0
400416,8037068318,Government official,"Rep. Nydia Velázquez [D, NY-12]",NY,12,128,0,0,0,0,0,51,0,0,125,0,0
400417,118723661514709,Government official,"Rep. Peter Visclosky [D, IN-1]",IN,1,162,2,1,0,0,0,205,30,29,669,0,0
400418,53906687963,Politician,"Sen. David Vitter [R, LA]",LA,,500,2,2,0,0,0,138,0,0,955,2,2
412213,187654104587692,Government official,"Rep. Timothy Walberg [R, MI-7]",MI,7,425,4,1,297,0,0,241,1,1,501,5,0
400419,1295547351,,"Rep. Greg Walden [R, OR-2]",OR,2,70,1,1,0,0,0,27,0,0,56,1,1
412424,126241104108023,Government official,"Rep. Joe Walsh [R, IL-8]",IL,8,300,3,2,144,1,0,121,1,1,349,11,11
412214,6958677033,Politician,"Rep. Timothy Walz [D, MN-1]",MN,1,517,3,1,367,3,1,134,1,0,385,3,0
412321,7935122852,Government official,"Sen. Mark Warner [D, VA]",VA,,451,4,4,308,3,3,323,4,4,419,1,1
400623,88904724121,Government official,"Rep. Debbie Wasserman Schultz [D, FL-20]",FL,20,295,5,1,7,0,0,183,0,0,416,6,2
400422,117483585008,Government official,"Rep. Maxine Waters [D, CA-35]",CA,35,180,2,0,4,0,0,72,0,0,256,5,0
400424,191136754250537,Government official,"Rep. Melvin Watt [D, NC-12]",NC,12,19,0,0,1,0,0,7,0,0,18,0,0
400425,129514917081997,Government official,"Rep. Henry Waxman [D, CA-30]",CA,30,2,0,0,2,0,0,1,0,0,1,0,0
412249,7942857199,Politician,"Sen. Jim Webb [D, VA]",VA,,121,1,1,12,0,0,43,0,0,191,1,1
412410,188572961157305,Public figure,"Rep. Daniel Webster [R, FL-8]",FL,8,75,1,0,0,0,0,76,0,0,161,1,0
412239,72680720883,Government official,"Rep. Peter Welch [D, VT-0]",VT,0,413,6,3,199,11,9,290,4,3,681,4,0
412413,153872224661543,Public figure,"Rep. Allen West [R, FL-22]",FL,22,919,8,0,0,0,0,290,3,0,1951,33,0
400627,71389451419,Government official,"Rep. Lynn Westmoreland [R, GA-3]",GA,3,261,1,0,0,0,0,190,1,0,398,1,0
412247,194172833926853,Government official,"Sen. Sheldon Whitehouse [D, RI]",RI,,237,6,5,113,3,2,114,2,2,332,15,15
400431,91115765425,Government official,"Rep. Edward Whitfield [R, KY-1]",KY,1,126,4,1,0,0,0,75,4,0,209,2,2
400432,158401580882385,Government official,"Sen. Roger Wicker [R, MS]",MS,,331,6,2,375,6,2,95,1,0,192,0,0
400433,70150469414,Government official,"Rep. Addison Wilson [R, SC-2]",SC,2,531,9,0,342,12,0,255,0,0,666,20,0
412412,162327487151626,Government official,"Rep. Frederica Wilson [D, FL-17]",FL,17,60,0,0,1,0,0,14,0,0,73,0,0
412255,38932542633,Government official,"Rep. Rob Wittman [R, VA-1]",VA,1,323,1,1,339,0,0,370,1,1,618,1,1
400435,335759964938,Government official,"Rep. Frank Wolf [R, VA-10]",VA,10,248,3,0,0,0,0,130,10,0,296,3,0
412402,135898413136490,Government official,"Rep. Steve Womack [R, AR-3]",AR,3,285,2,2,0,0,0,390,1,1,850,2,2
412416,172573036140374,Government official,"Rep. Rob Woodall [R, GA-7]",GA,7,112,2,0,1,0,0,86,2,0,183,1,0
400436,147062945319541,Government official,"Rep. Lynn Woolsey [D, CA-6]",CA,6,324,6,2,132,6,2,262,0,0,654,16,5
300100,54787697857,Politician,"Sen. Ron Wyden [D, OR]",OR,,307,4,1,386,12,1,58,0,0,141,1,0
412211,214258646163,Government official,"Rep. John Yarmuth [D, KY-3]",KY,3,509,5,1,266,6,2,272,1,1,765,15,0
412430,154026694650252,Government official,"Rep. Kevin Yoder [R, KS-3]",KS,3,423,7,4,0,0,0,596,5,4,1318,8,6
400440,7476269851,Government official,"Rep. Donald Young [R, AK-0]",AK,0,284,4,3,0,0,0,266,30,30,723,8,7
412428,186203844738421,Government official,"Rep. Todd Young [R, IN-9]",IN,9,279,4,2,181,5,3,275,8,8,629,2,1
